version,precision,recall,label
v1.1,0.9385484002945749,0.8838487619439022,5
v1.2,0.9520487233008321,0.8552347683139834,5
v1.3,0.9456326311552395,0.9051422993938149,5
v1.4,0.9409556768268335,0.9079163669988698,7
v1.5,0.9540528122381686,0.9066834480632898,7
